Confound,Conf_time_point,Model,h5name,Accuracy BL,Std-Dev BL,Accuracy CB,Std-Dev CB,Accuracy Diff CB - BL,Std-Dev Diff CB - BL,h5cat,category,abs_diff,rank
Alc-lastmntFU3,BL,SVM-rbf,posthoc-cc3-h5causal0-Alc-lastmntFU3,65.31135830530992,6.4105673663329785,57.095697367874784,2.9792808616329776,-8.215660937435143,5.879379249297616,h5causal0,Alcohol,8.215660937435143,0
Alcohol_problem_indexFU3,BL,SVM-rbf,posthoc-cc3-h5causal0-Alcohol_problem_indexFU3,65.31135830530992,6.4105673663329785,57.14465185231315,4.743398733561513,-8.166706452996774,5.3961524696027325,h5causal0,Alcohol,8.166706452996774,1
Sensation_seeking,BL,SVM-rbf,posthoc-cc3-h5causal0-Sensation_seeking,66.87470160252418,6.645272979130618,59.78464783908334,5.126935437987417,-7.090053763440851,2.7506902167120444,h5causal0,Personality,7.090053763440851,2
Eating_behavior_uncontrolled_eatingFU3,BL,SVM-rbf,posthoc-cc3-h5causal0-Eating_behavior_uncontrolled_eatingFU3,61.650992685475444,7.708676586236615,55.17934446505875,7.430372216704873,-6.471648220416704,6.6061385755093935,h5causal0,Addiction-related,6.471648220416704,3
