Confound,Conf_time_point,Model,h5name,n_samples BL,Accuracy BL,Std-Dev BL,n_samples CB,Accuracy CB,Std-Dev CB,Accuracy Diff CB - BL,Std-Dev Diff CB - BL,h5cat,category,abs_diff,rank
Alc-lastmntFU3,BL,SVM-rbf,posthoc-cc3-h5causal0-Alc-lastmntFU3,477,67.34508846404009,3.4156137342703605,477,57.52251387332032,2.3872290520952757,-9.822574590719757,3.077295006137983,h5causal0,Alcohol,9.822574590719757,0
Alcohol_problem_indexFU3,BL,SVM-rbf,posthoc-cc3-h5causal0-Alcohol_problem_indexFU3,477,67.34508846404009,3.4156137342703605,477,58.567380744800104,4.237701300216831,-8.77770771923998,4.2990979354336485,h5causal0,Alcohol,8.77770771923998,1
Age_first_drunkFU3,BL,SVM-rbf,posthoc-cc3-h5causal0-Age_first_drunkFU3,477,67.34508846404009,3.4156137342703605,477,58.83900893981539,7.585763019483374,-8.506079524224685,5.106949116519444,h5causal0,Alcohol,8.506079524224685,2
Sensation_seeking,BL,SVM-rbf,posthoc-cc3-h5causal0-Sensation_seeking,477,67.34508846404009,3.4156137342703605,477,59.40339100621358,4.5816537763413105,-7.941697457826502,4.215527210894787,h5causal0,Personality,7.941697457826502,3
Alc-last12mntFU3,BL,SVM-rbf,posthoc-cc3-h5causal0-Alc-last12mntFU3,477,67.34508846404009,3.4156137342703605,477,59.5547520446714,7.103509285348982,-7.790336419368682,5.292357673861338,h5causal0,Alcohol,7.790336419368682,4
