,Confound,MBA_post-mean,MBA_post-std,MBA_post-minus-pre-mean,MBA_post-minus-pre-std
0,Alc-lastmnt (FU3),61.90476190476191,3.115348186122854,61.16792424498377,2.8902774269485954
1,Alcohol_problem_index (FU3),65.56776556776558,2.502307879355218,64.83092790798743,2.3234897295888683
2,Eating_behavior_uncontrolled_eating (FU3),58.60805860805861,3.44919338017717,57.871220948280474,3.1999733824314744
3,Family_val (BL),64.65201465201464,1.2511539396776075,63.9151769922365,1.1610415357024266
4,QOL_phys_unhealthy_days (FU3),70.14652014652015,2.05585570701865,69.409682486742,1.908505994680257
