,Confound,MBA_post-mean,MBA_post-std,MBA_pre-mean,MBA_pre-std,MBA_post-minus-pre-mean,MBA_post-minus-pre-std
0,Alc-last12mnt (FU3),66.67140723885373,2.6838466416329756,0.6989132270961204,0.010024615771566887,65.97249401175762,2.489161929760457
1,Alc-lastmnt (FU3),66.44030434473441,1.7304387220939965,0.6989132270961204,0.010024615771566887,65.7413911176383,1.6007962440397805
2,Alcohol_problem_index (FU3),70.4330512692882,0.0,0.6989132270961204,0.010024615771566887,69.73413804219209,
