Confound,Conf_time_point,Model,h5name,n_samples BL,Accuracy BL,Std-Dev BL,n_samples CB,Accuracy CB,Std-Dev CB,Accuracy Diff CB - BL,Std-Dev Diff CB - BL,h5cat,category,abs_diff,rank
Alc-lastmntFU3,BL,SVM-rbf,posthoc-cc3-h5causal1-Alc-lastmntFU3,565,68.91789830378681,3.4478792001561787,565,59.0909497007058,6.599273540812916,-9.826948603081009,6.216060900874645,h5causal1,Alcohol,9.826948603081009,0
Alc-last12mntFU3,BL,SVM-rbf,posthoc-cc3-h5causal1-Alc-last12mntFU3,565,68.91789830378681,3.4478792001561787,565,60.6579845822006,4.110696975174917,-8.259913721586209,5.376988442167323,h5causal1,Alcohol,8.259913721586209,1
Alcohol_problem_indexFU3,BL,SVM-rbf,posthoc-cc3-h5causal1-Alcohol_problem_indexFU3,565,68.91789830378681,3.4478792001561787,565,62.9419375630177,5.759387659346027,-5.9759607407691036,4.50290726779448,h5causal1,Alcohol,5.9759607407691036,2
Alc_lastmnt_TLFBFU3,BL,SVM-rbf,posthoc-cc3-h5causal1-Alc_lastmnt_TLFBFU3,565,68.91789830378681,3.4478792001561787,565,64.03416995315949,7.22589341215107,-4.883728350627314,5.960973602575078,h5causal1,Alcohol,4.883728350627314,3
Smoking_lifetimeFU3,BL,SVM-rbf,posthoc-cc3-h5causal1-Smoking_lifetimeFU3,565,68.91789830378681,3.4478792001561787,565,64.06866217406288,5.656969475906799,-4.849236129723932,2.9914679937772846,h5causal1,Addiction-related,4.849236129723932,4
Age_first_drunkFU3,BL,SVM-rbf,posthoc-cc3-h5causal1-Age_first_drunkFU3,565,68.91789830378681,3.4478792001561787,565,64.38947811770112,6.015440156919419,-4.528420186085691,4.331860073332119,h5causal1,Alcohol,4.528420186085691,5
AUDIT_parent,BL,SVM-rbf,posthoc-cc3-h5causal1-AUDIT_parent,565,68.91789830378681,3.4478792001561787,565,64.75512437620452,4.465037565142897,-4.162773927582286,2.082990023348669,h5causal1,Familial risk,4.162773927582286,6
Sexuality_valFU3,BL,SVM-rbf,posthoc-cc3-h5causal1-Sexuality_valFU3,565,68.91789830378681,3.4478792001561787,565,64.87656507255811,5.525085818978286,-4.041333231228695,4.442872272827321,h5causal1,Biographic,4.041333231228695,7
