Confound,Conf_time_point,Model,h5name,n_samples BL,Accuracy BL,Std-Dev BL,n_samples CB,Accuracy CB,Std-Dev CB,Accuracy Diff CB - BL,Std-Dev Diff CB - BL,h5cat,category,abs_diff,rank
Alc-lastmntFU3,BL,SVM-rbf,posthoc-cc3-h5causal1-Alc-lastmntFU3,565,68.91789830378681,3.4478792001561787,565,59.0909497007058,6.599273540812916,-9.826948603081009,6.216060900874645,h5causal1,Alcohol,9.826948603081009,0
Alc-last12mntFU3,BL,SVM-rbf,posthoc-cc3-h5causal1-Alc-last12mntFU3,565,68.91789830378681,3.4478792001561787,565,60.6579845822006,4.110696975174917,-8.259913721586209,5.376988442167323,h5causal1,Alcohol,8.259913721586209,1
Alcohol_problem_indexFU3,BL,SVM-rbf,posthoc-cc3-h5causal1-Alcohol_problem_indexFU3,565,68.91789830378681,3.4478792001561787,565,62.9419375630177,5.759387659346027,-5.9759607407691036,4.50290726779448,h5causal1,Alcohol,5.9759607407691036,2
