,Confound,MBA_post-mean,MBA_post-std,MBA_pre-mean,MBA_pre-std,n_samples,MBA_post-minus-pre-mean,MBA_post-minus-pre-std
0,Alc-lastmnt (FU3),61.72161172161172,2.017425108896006,0.7368376597781406,0.011393222311656858,477,60.98477406183358,1.873624142462328
1,Alcohol_problem_index (FU3),66.48351648351648,1.7245966900885916,0.7368376597781406,0.011393222311656858,477,65.74667882373834,1.5989666226781536
2,Autonomy_freq (BL),67.21611721611721,0.6852852356728915,0.7368376597781406,0.011393222311656858,471,66.47927955633907,0.6393635422541518
3,Eating_behavior_uncontrolled_eating (FU3),58.05860805860806,2.741140942691532,0.7368376597781406,0.011393222311656858,429,57.32177039882992,2.5428188033413814
4,Sensation_seeking (BL),59.15750915750915,1.1535069369774866,0.7368376597781406,0.011393222311656858,476,58.420671497731014,1.0750900971972528
