,Confound,MBA_post-mean,MBA_post-std,MBA_pre-mean,MBA_pre-std,MBA_post-minus-pre-mean,MBA_post-minus-pre-std
0,AUDIT_parent (BL),67.95136172936074,1.6362933178311745,69.89132270961203,1.0024615771566863,-1.9399609802512856,1.6877546725638815
1,Age_first_drunk (FU3),62.37289340823437,0.07525425047471411,69.89132270961203,1.0024615771566863,-7.518429301377658,0.9058562125551365
2,Alc-last12mnt (FU3),66.67140723885373,2.6838466416329756,69.89132270961203,1.0024615771566863,-3.219915470758295,3.0358989635800797
3,Alc-lastmnt (FU3),66.44030434473441,1.7304387220939965,69.89132270961203,1.0024615771566863,-3.451018364877612,1.7348905463082804
4,Alc_lastmnt_TLFB (FU3),66.08831685984498,0.6048445782913157,69.89132270961203,1.0024615771566863,-3.8030058497670467,1.1945876952812666
5,Alcohol_problem_index (FU3),70.4330512692882,0.0,69.89132270961203,1.0024615771566863,0.541728559676173,
6,Sexuality_val (FU3),63.09109009457442,1.5287394403122156,69.89132270961203,1.0024615771566863,-6.800232615037608,1.9814116571386173
7,Smoking_lifetime (FU3),67.05539358600583,0.09715281960661919,69.89132270961203,1.0024615771566863,-2.835929123606192,0.8922462163803453
