,Confound,MBA_post-mean,MBA_post-std,MBA_pre-mean,MBA_pre-std,MBA_post-minus-pre-mean,MBA_post-minus-pre-std
0,Age_first_drunk (FU3),65.93406593406594,4.24286943929037,0.7368376597781406,0.011393222311656858,65.1972282742878,3.9347873308464623
1,Alc-lastmnt (FU3),61.35531135531136,2.2728340010972268,0.7368376597781406,0.011393222311656858,60.61847369553322,2.10745490062029
2,Alcohol_problem_index (FU3),65.75091575091575,2.4228491859565855,0.7368376597781406,0.011393222311656858,65.0140780911376,2.2451807912951227
3,Autonomy_freq (BL),67.03296703296704,0.6255769698388042,0.7368376597781406,0.011393222311656858,66.29612937318889,0.580787996011396
4,Eating_disorder_shape_concern (FU3),62.82051282051282,0.0,0.7368376597781406,0.011393222311656858,62.08367516073468,
5,Sensation_seeking (BL),60.07326007326008,1.8767309095164053,0.7368376597781406,0.011393222311656858,59.33642241348194,1.7390689866909064
