Confound,Conf_time_point,Model,h5name,n_samples BL,Accuracy BL,Std-Dev BL,n_samples CB,Accuracy CB,Std-Dev CB,Accuracy Diff CB - BL,Std-Dev Diff CB - BL,h5cat,category,abs_diff,rank
Alc-lastmntFU3,BL,SVM-rbf,posthoc-cc3-h5causal1-Alc-lastmntFU3,565,68.93054970581103,3.731468072745593,565,59.6266799402688,5.69986588463633,-9.303869765542228,5.603327178578885,h5causal1,Alcohol,9.303869765542228,0
Alc-last12mntFU3,BL,SVM-rbf,posthoc-cc3-h5causal1-Alc-last12mntFU3,565,68.93054970581103,3.731468072745593,565,61.22594159615067,3.90765837194114,-7.70460810966036,5.614315844031773,h5causal1,Alcohol,7.70460810966036,1
Alcohol_problem_indexFU3,BL,SVM-rbf,posthoc-cc3-h5causal1-Alcohol_problem_indexFU3,565,68.93054970581103,3.731468072745593,565,63.299303774042436,5.560809850318031,-5.631245931768591,5.590645154449711,h5causal1,Alcohol,5.631245931768591,2
Smoking_lifetimeFU3,BL,SVM-rbf,posthoc-cc3-h5causal1-Smoking_lifetimeFU3,565,68.93054970581103,3.731468072745593,565,63.47476420211612,6.275085221169512,-5.45578550369491,4.019725521263898,h5causal1,Addiction-related,5.45578550369491,3
Age_first_drunkFU3,BL,SVM-rbf,posthoc-cc3-h5causal1-Age_first_drunkFU3,565,68.93054970581103,3.731468072745593,565,63.86159717170169,6.865886363180765,-5.068952534109339,5.463317823587404,h5causal1,Alcohol,5.068952534109339,4
