Confound,Conf_time_point,Model,h5name,Accuracy BL,Std-Dev BL,Accuracy CB,Std-Dev CB,Accuracy Diff CB - BL,Std-Dev Diff CB - BL,h5cat,category,abs_diff,rank
Somatization_BSIFU3,BL,SVM-rbf,posthoc-cc3-h5causal0-Somatization_BSIFU3,63.31815521907688,7.550863969504674,66.19534507351327,4.906936750877289,2.8771898544363905,4.0156239903812025,h5causal0,Comorbid,2.8771898544363905,117
Eating_disorder_shape_concernFU3,BL,SVM-rbf,posthoc-cc3-h5causal0-Eating_disorder_shape_concernFU3,61.650992685475444,7.708676586236615,65.18510225406777,3.946772298656708,3.534109568592325,6.631879063245869,h5causal0,Addiction-related,3.534109568592325,118
Psychoticism_BSIFU3,BL,SVM-rbf,posthoc-cc3-h5causal0-Psychoticism_BSIFU3,63.31815521907688,7.550863969504674,67.09512837393021,5.471563395785803,3.7769731548533247,6.421137746887812,h5causal0,Comorbid,3.7769731548533247,119
