Confound,Conf_time_point,Model,h5name,Accuracy BL,Std-Dev BL,Accuracy CB,Std-Dev CB,Accuracy Diff CB - BL,Std-Dev Diff CB - BL,h5cat,category,abs_diff,rank
Alc-lastmntFU3,BL,SVM-rbf,posthoc-cc3-h5causal0-Alc-lastmntFU3,65.31135830530992,6.4105673663329785,57.095697367874784,2.9792808616329776,-8.215660937435143,5.879379249297616,h5causal0,Alcohol,8.215660937435143,0
Alcohol_problem_indexFU3,BL,SVM-rbf,posthoc-cc3-h5causal0-Alcohol_problem_indexFU3,65.31135830530992,6.4105673663329785,57.14465185231315,4.743398733561513,-8.166706452996774,5.3961524696027325,h5causal0,Alcohol,8.166706452996774,1
Autonomy_freq,BL,SVM-rbf,posthoc-cc3-h5causal0-Autonomy_freq,65.31135830530992,6.4105673663329785,59.427543903350355,5.980738541695241,-5.883814401959575,3.2296549204870177,h5causal0,Biographic,5.883814401959575,2
Sensation_seeking,BL,SVM-rbf,posthoc-cc3-h5causal0-Sensation_seeking,65.31135830530992,6.4105673663329785,59.60147935954387,5.247362212863976,-5.7098789457660555,6.145100352341215,h5causal0,Personality,5.7098789457660555,3
Eating_behavior_uncontrolled_eatingFU3,BL,SVM-rbf,posthoc-cc3-h5causal0-Eating_behavior_uncontrolled_eatingFU3,65.31135830530992,6.4105673663329785,59.9106667151022,5.9793097715469266,-5.400691590207729,4.052799934713727,h5causal0,Addiction-related,5.400691590207729,4
