Confound,Conf_time_point,Model,h5name,n_samples BL,Accuracy BL,Std-Dev BL,n_samples CB,Accuracy CB,Std-Dev CB,Accuracy Diff CB - BL,Std-Dev Diff CB - BL,h5cat,category,abs_diff,rank
Alc-lastmntFU3,BL,SVM-rbf,posthoc-cc3-h5causal0-Alc-lastmntFU3,477,65.31135830530992,6.4105673663329785,477,57.095697367874784,2.9792808616329776,-8.215660937435143,5.879379249297616,h5causal0,Alcohol,8.215660937435143,0
Alcohol_problem_indexFU3,BL,SVM-rbf,posthoc-cc3-h5causal0-Alcohol_problem_indexFU3,477,65.31135830530992,6.4105673663329785,477,57.14465185231315,4.743398733561513,-8.166706452996774,5.3961524696027325,h5causal0,Alcohol,8.166706452996774,1
Age_first_drunkFU3,BL,SVM-rbf,posthoc-cc3-h5causal0-Age_first_drunkFU3,477,65.31135830530992,6.4105673663329785,477,59.11182640013285,6.2494713691179955,-6.19953190517708,4.941341587423375,h5causal0,Alcohol,6.19953190517708,2
Sensation_seeking,BL,SVM-rbf,posthoc-cc3-h5causal0-Sensation_seeking,477,65.31135830530992,6.4105673663329785,477,59.60147935954387,5.247362212863976,-5.7098789457660555,6.145100352341215,h5causal0,Personality,5.7098789457660555,3
Autonomy_freq,BL,SVM-rbf,posthoc-cc3-h5causal0-Autonomy_freq,477,65.31135830530992,6.4105673663329785,477,59.650758189064646,5.562064306362167,-5.660600116245284,3.2261240915068825,h5causal0,Biographic,5.660600116245284,4
Eating_disorder_shape_concernFU3,BL,SVM-rbf,posthoc-cc3-h5causal0-Eating_disorder_shape_concernFU3,477,65.31135830530992,6.4105673663329785,477,67.49990918337693,4.403175100338032,2.188550878066997,5.122952618997876,h5causal0,Addiction-related,2.188550878066997,112
