,Confound,MBA_post-mean,MBA_post-std,MBA_pre-mean,MBA_pre-std,MBA_post-minus-pre-mean,MBA_post-minus-pre-std
0,Age_first_drunk (FU3),63.36996336996338,3.12788484919402,0.7368376597781406,0.011393222311656858,62.63312571018524,2.897399929534241
1,Alc-last12mnt (FU3),65.56776556776558,1.1535069369774817,0.7368376597781406,0.011393222311656858,64.83092790798743,1.0750900971972501
2,Alc-lastmnt (FU3),59.340659340659336,4.423497175271503,0.7368376597781406,0.011393222311656858,58.6038216808812,4.103524614203028
3,Alcohol_problem_index (FU3),66.66666666666667,0.0,0.7368376597781406,0.011393222311656858,65.92982900688853,
4,Sensation_seeking (BL),59.70695970695971,1.2511539396776064,0.7368376597781406,0.011393222311656858,58.97012204718157,1.1599128943636587
