,Confound,MBA_post-mean,MBA_post-std,MBA_post-minus-pre-mean,MBA_post-minus-pre-std
0,Alc-lastmnt (FU3),61.72161172161172,2.017425108896006,60.98477406183358,1.873624142462328
1,Alcohol_problem_index (FU3),66.48351648351648,1.7245966900885916,65.74667882373834,1.5989666226781536
2,Eating_behavior_uncontrolled_eating (FU3),58.05860805860806,2.741140942691532,57.32177039882992,2.5428188033413814
3,Family_val (BL),65.93406593406594,1.0087125544480047,65.1972282742878,0.9339127971123731
4,QOL_phys_unhealthy_days (FU3),70.51282051282051,0.0,69.77598285304236,
