,Confound,Conf_time_point,Model,h5name,Accuracy BL,Std-Dev BL,Accuracy CB,Std-Dev CB,Accuracy Diff CB - BL,Std-Dev Diff CB - BL,h5cat,category,abs_diff,rank
355,Eating_behavior_uncontrolled_eatingFU3,BL,SVM-rbf,posthoc-cc2-h5causal0-Eating_behavior_uncontrolled_eatingFU3,65.1323846888363,4.886871320247069,58.512197982641325,6.129374073486909,-6.620186706194975,1.5543122344752192e-13,h5causal0,Addiction-related,6.620186706194975,1
243,Alc-lastmntFU3,BL,SVM-rbf,posthoc-cc2-h5causal0-Alc-lastmntFU3,65.1323846888363,4.886871320247069,58.627708930128286,4.276331008564551,-6.504675758708012,-3.2037864424897375e-13,h5causal0,Alcohol,6.504675758708012,2
199,Alcohol_problem_indexFU3,BL,SVM-rbf,posthoc-cc2-h5causal0-Alcohol_problem_indexFU3,65.1323846888363,4.886871320247069,58.35136691991531,4.255828302838531,-6.781017768920994,-6.582036503134857e-14,h5causal0,Alcohol,6.781017768920994,0
51,QOL_phys_unhealthy_daysFU3,BL,SVM-rbf,posthoc-cc2-h5causal0-QOL_phys_unhealthy_daysFU3,65.1323846888363,4.886871320247069,69.48762435081561,4.01619287692439,4.355239661979304,-5.392511833893617e-13,h5causal0,Health,4.355239661979304,118
427,Eating_behavior_uncontrolled_eatingFU3,BL,SVM-rbf,posthoc-cc2-h5causal1-Eating_behavior_uncontrolled_eatingFU3,67.67246110451686,2.8108586929134662,64.24608819345661,9.27887752535302,-3.426372911060249,1.7763568394002505e-13,h5causal1,Addiction-related,3.426372911060249,11
211,Alc-lastmntFU3,BL,SVM-rbf,posthoc-cc2-h5causal1-Alc-lastmntFU3,67.67246110451686,2.8108586929134662,60.03573662110247,4.837663502770697,-7.6367244834143815,-7.61295788314393e-14,h5causal1,Alcohol,7.6367244834143815,0
207,Alcohol_problem_indexFU3,BL,SVM-rbf,posthoc-cc2-h5causal1-Alcohol_problem_indexFU3,67.67246110451686,2.8108586929134662,63.20506438973338,3.7367651205249133,-4.467396714783478,-4.55984456542475e-15,h5causal1,Alcohol,4.467396714783478,3
75,QOL_phys_unhealthy_daysFU3,BL,SVM-rbf,posthoc-cc2-h5causal1-QOL_phys_unhealthy_daysFU3,67.67246110451686,2.8108586929134662,70.30604771779355,2.823067997734976,2.633586613276695,-3.1720657846433046e-13,h5causal1,Health,2.633586613276695,120
