Confound,Conf_time_point,Model,h5name,Accuracy BL,Std-Dev BL,Accuracy CB,Std-Dev CB,Accuracy Diff CB - BL,Std-Dev Diff CB - BL,h5cat,category
Family_val,BL,SVM-rbf,posthoc-cc2-h5causal1-Family_val,0.6767246110451686,0.028108586929134663,0.6913308129611082,0.07931168520228611,0.014606201915939643,-3.806478941571965e-16,h5causal1,Biographic
Distress_freqFU3,BL,SVM-rbf,posthoc-cc2-h5causal1-Distress_freqFU3,0.6767246110451686,0.028108586929134663,0.6914027900090619,0.02852853716974214,0.01467817896389334,-7.345314832564652e-15,h5causal1,Biographic
StressFU3,BL,SVM-rbf,posthoc-cc2-h5causal1-StressFU3,0.6767246110451686,0.028108586929134663,0.6924286560679372,0.02969913434735849,0.015704045022768676,-3.1086244689504383e-15,h5causal1,Comorbid
Family_freqFU3,BL,SVM-rbf,posthoc-cc2-h5causal1-Family_freqFU3,0.6767246110451686,0.028108586929134663,0.6937057280698397,0.03837127447101904,0.01698111702467109,-4.448822262962234e-15,h5causal1,Biographic
Deviance_freq,BL,SVM-rbf,posthoc-cc2-h5causal1-Deviance_freq,0.6767246110451686,0.028108586929134663,0.6961928743058398,0.0677351570762735,0.019468263260671193,-3.4892723631076347e-15,h5causal1,Biographic
Physical_developmet,BL,SVM-rbf,posthoc-cc2-h5causal1-Physical_developmet,0.6767246110451686,0.028108586929134663,0.697400479891769,0.03057702244055885,0.020675868846600443,5.043584597582854e-15,h5causal1,Health
ConscientiousnessFU3,BL,SVM-rbf,posthoc-cc2-h5causal1-ConscientiousnessFU3,0.6767246110451686,0.028108586929134663,0.698491404066317,0.04651791397970386,0.02176679302114848,-3.933361572957698e-15,h5causal1,Personality
QOL_self-rated_healthFU3,BL,SVM-rbf,posthoc-cc2-h5causal1-QOL_self-rated_healthFU3,0.6767246110451686,0.028108586929134663,0.699489048606507,0.0443078561823867,0.02276443756133839,-4.0602442043434294e-15,h5causal1,Health
QOL_phys_unhealthy_daysFU3,BL,SVM-rbf,posthoc-cc2-h5causal1-QOL_phys_unhealthy_daysFU3,0.6767246110451686,0.028108586929134663,0.7030604771779355,0.028230679977349758,0.02633586613276695,-3.1720657846433046e-15,h5causal1,Health
