,Confound,MBA_post-mean,MBA_post-std,MBA_pre-mean,MBA_pre-std,MBA_post-minus-pre-mean,MBA_post-minus-pre-std
0,Age_first_drunk (FU3),62.08134821873,0.522422293318901,0.6989132270961204,0.010024615771566887,61.38243499163388,0.4874547782328308
1,Alc-last12mnt (FU3),65.88565739884804,2.94000669301373,0.6989132270961204,0.010024615771566887,65.18674417175193,2.7209169822526156
2,Alc-lastmnt (FU3),67.28294105098486,1.2241472127486028,0.6989132270961204,0.010024615771566887,66.58402782388875,1.1324947964466592
3,Alcohol_problem_index (FU3),70.4330512692882,0.0,0.6989132270961204,0.010024615771566887,69.73413804219209,
4,Smoking_lifetime (FU3),67.4927113702624,0.49888469508473166,0.6989132270961204,0.010024615771566887,66.79379814316628,0.461817059830445
