Confound,Conf_time_point,Model,h5name,n_samples BL,Accuracy BL,Std-Dev BL,n_samples CB,Accuracy CB,Std-Dev CB,Accuracy Diff CB - BL,Std-Dev Diff CB - BL,h5cat,category,abs_diff,rank
Alc-last12mntFU3,BL,SVM-rbf,posthoc-cc3-h5bl-Alc-last12mntFU3,620,69.53031173548817,2.1463510980847023,620,62.35962327328439,6.347509396538599,-7.170688462203778,5.7410754441100025,h5bl,Alcohol,7.170688462203778,0
Alc-lastmntFU3,BL,SVM-rbf,posthoc-cc3-h5bl-Alc-lastmntFU3,620,69.53031173548817,2.1463510980847023,620,62.99744236044186,4.886153640027659,-6.532869375046313,3.7605030901135357,h5bl,Alcohol,6.532869375046313,1
Smoking_lifetimeFU3,BL,SVM-rbf,posthoc-cc3-h5bl-Smoking_lifetimeFU3,620,69.53031173548817,2.1463510980847023,620,63.819809968616404,6.68405417925026,-5.710501766871767,5.1639578889075946,h5bl,Addiction-related,5.710501766871767,2
BullyingFU3,BL,SVM-rbf,posthoc-cc3-h5bl-BullyingFU3,620,69.53031173548817,2.1463510980847023,620,70.92555353745027,3.4589583352002746,1.3952418019620993,2.311218431116174,h5bl,Social,1.3952418019620993,114
